time,gFx,gFy,gFz,TgF
0.0040625,0.0257,0.3552,0.7966,0.873
0.005169062,0.0237,0.3591,0.7863,0.865
0.005819843,0.0198,0.3630,0.7770,0.858
0.00634125,0.0159,0.3684,0.7726,0.856
0.006873385,0.0139,0.3757,0.7726,0.859
0.00767552,0.0139,0.3787,0.7756,0.863
0.008423906,0.0120,0.3826,0.7795,0.868
0.008973541,0.0105,0.3855,0.7834,0.873
0.009926406,0.0105,0.3875,0.7888,0.879
0.010691354,0.0120,0.3875,0.7946,0.884
0.011169948,0.0139,0.3870,0.8010,0.890
0.011602656,0.0154,0.3875,0.8078,0.896
0.012014114,0.0169,0.3870,0.8137,0.901
0.012397864,0.0179,0.3865,0.8205,0.907
0.012791666,0.0179,0.3875,0.8269,0.913
0.013186093,0.0179,0.3884,0.8342,0.920
0.013523593,0.0198,0.3904,0.8381,0.925
0.01386526,0.0183,0.3953,0.8455,0.933
0.014245833,0.0169,0.3972,0.8504,0.939
0.014600156,0.0159,0.4002,0.8562,0.945
0.020265781,0.0174,0.4051,0.8582,0.949
0.021113802,0.0169,0.4109,0.8616,0.955
0.021586875,0.0179,0.4168,0.8670,0.962
0.02200552,0.0188,0.4231,0.8675,0.965
0.030619843,0.0198,0.4261,0.8694,0.968
0.03123677,0.0242,0.4300,0.8704,0.971
0.031666093,0.0267,0.4334,0.8724,0.974
0.032038593,0.0291,0.4368,0.8733,0.977
0.032363541,0.0350,0.4388,0.8753,0.980
0.034813698,0.0384,0.4393,0.8758,0.981
0.036942448,0.0428,0.4417,0.8772,0.983
0.038719166,0.0462,0.4412,0.8782,0.984
0.046294583,0.0506,0.4427,0.8787,0.985
0.046820729,0.0526,0.4432,0.8782,0.985
0.047113229,0.0506,0.4437,0.8812,0.988
0.04732177,0.0506,0.4442,0.8826,0.989
0.047887291,0.0506,0.4442,0.8870,0.993
0.050981718,0.0496,0.4471,0.8924,0.999
0.052196302,0.0496,0.4451,0.8983,1.004
0.054808906,0.0501,0.4461,0.9032,1.009
0.059022708,0.0487,0.4461,0.9090,1.014
0.060249062,0.0491,0.4451,0.9154,1.019
0.060799375,0.0496,0.4442,0.9193,1.022
0.06264302,0.0511,0.4427,0.9247,1.026
0.064759635,0.0531,0.4403,0.9261,1.027
0.067391041,0.0531,0.4388,0.9291,1.029
0.067846927,0.0545,0.4344,0.9315,1.029
0.070487343,0.0565,0.4310,0.9359,1.032
0.072020468,0.0584,0.4285,0.9384,1.033
0.075928385,0.0594,0.4251,0.9413,1.035
0.077233229,0.0589,0.4251,0.9437,1.037
0.07979427,0.0579,0.4261,0.9452,1.038
0.080467656,0.0565,0.4236,0.9447,1.037
0.082061354,0.0521,0.4217,0.9457,1.037
0.08479052,0.0496,0.4192,0.9467,1.037
0.087490364,0.0472,0.4153,0.9462,1.034
0.088017604,0.0443,0.4158,0.9462,1.034
0.090934843,0.0428,0.4134,0.9452,1.033
0.094255625,0.0399,0.4109,0.9442,1.031
0.096148958,0.0379,0.4085,0.9432,1.029
0.097284114,0.0350,0.4099,0.9403,1.026
0.097998125,0.0301,0.4104,0.9374,1.024
0.100648802,0.0271,0.4114,0.9335,1.020
0.102103177,0.0227,0.4119,0.9320,1.019
0.104610364,0.0203,0.4075,0.9276,1.013
0.110188385,0.0198,0.4060,0.9212,1.007
0.11105526,0.0193,0.4046,0.9168,1.002
0.111565104,0.0198,0.4016,0.9129,0.998
0.112330156,0.0193,0.4002,0.9076,0.992
0.115131614,0.0218,0.3982,0.9036,0.988
0.116709635,0.0237,0.3953,0.8983,0.982
0.118331614,0.0237,0.3933,0.8939,0.977
0.120247552,0.0232,0.3933,0.8895,0.973
0.123377239,0.0271,0.3914,0.8880,0.971
0.126565104,0.0262,0.3924,0.8826,0.966
0.128477552,0.0276,0.3933,0.8782,0.963
0.129328593,0.0281,0.3924,0.8748,0.959
0.131398177,0.0271,0.3924,0.8709,0.956
0.132311093,0.0262,0.3953,0.8680,0.954
0.135321875,0.0276,0.3958,0.8650,0.952
0.137085104,0.0296,0.3963,0.8616,0.949
0.13792875,0.0306,0.3967,0.8596,0.947
0.140711093,0.0320,0.3967,0.8616,0.949
0.143767031,0.0345,0.3963,0.8640,0.951
0.145137604,0.0389,0.3977,0.8680,0.956
0.148192083,0.0418,0.3977,0.8714,0.959
0.148899114,0.0438,0.3972,0.8748,0.962
0.150168489,0.0443,0.3992,0.8792,0.967
0.153010625,0.0462,0.4021,0.8831,0.971
0.155137552,0.0472,0.4026,0.8851,0.973
0.159344791,0.0457,0.4046,0.8904,0.979
0.160216927,0.0452,0.4065,0.8948,0.984
0.160723437,0.0443,0.4070,0.8992,0.988
0.162259791,0.0423,0.4099,0.9022,0.992
0.165040677,0.0433,0.4075,0.9085,0.997
0.167817187,0.0452,0.4055,0.9129,1.000
0.168535833,0.0457,0.4046,0.9203,1.006
0.171538854,0.0438,0.4080,0.9252,1.012
0.172251666,0.0423,0.4109,0.9320,1.019
0.177518333,0.0403,0.4129,0.9354,1.023
0.178509114,0.0403,0.4153,0.9393,1.028
0.179010885,0.0369,0.4173,0.9393,1.029
0.180213854,0.0350,0.4187,0.9423,1.032
0.182142291,0.0325,0.4217,0.9457,1.036
0.185775729,0.0350,0.4227,0.9501,1.040
0.19276401,0.0340,0.4227,0.9511,1.041
0.193543281,0.0359,0.4227,0.9530,1.043
0.194023177,0.0374,0.4222,0.9535,1.043
0.194443385,0.0399,0.4217,0.9550,1.045
0.194855572,0.0418,0.4217,0.9564,1.046
0.197962864,0.0433,0.4192,0.9550,1.044
0.198678437,0.0452,0.4178,0.9550,1.043
0.200970885,0.0462,0.4183,0.9530,1.042
0.203032187,0.0443,0.4183,0.9491,1.038
0.204811718,0.0423,0.4173,0.9462,1.035
0.20933151,0.0399,0.4163,0.9398,1.029
0.210725625,0.0374,0.4163,0.9393,1.028
0.21124125,0.0340,0.4148,0.9315,1.020
0.213154739,0.0315,0.4168,0.9286,1.018
0.21507677,0.0276,0.4183,0.9252,1.016
0.218208593,0.0223,0.4187,0.9212,1.012
0.218867447,0.0218,0.4173,0.9164,1.007
0.220609635,0.0203,0.4129,0.9115,1.001
0.221911822,0.0203,0.4119,0.9027,0.992
0.225943229,0.0179,0.4104,0.8992,0.989
0.227878333,0.0188,0.4095,0.8944,0.984
0.228823645,0.0203,0.4065,0.8880,0.977
0.231019062,0.0193,0.4041,0.8851,0.973
0.231917343,0.0242,0.4026,0.8812,0.969
0.235084218,0.0223,0.4041,0.8758,0.965
0.236539791,0.0257,0.4046,0.8714,0.961
0.238211041,0.0291,0.4041,0.8670,0.957
0.241769687,0.0301,0.4036,0.8636,0.954
0.242960729,0.0320,0.4041,0.8577,0.949
0.244581666,0.0325,0.4055,0.8557,0.948
0.247642031,0.0340,0.4075,0.8548,0.948
0.248329062,0.0350,0.4080,0.8543,0.947
0.250704375,0.0350,0.4090,0.8508,0.945
0.252004322,0.0355,0.4080,0.8513,0.945
0.255645885,0.0340,0.4095,0.8523,0.946
0.257611562,0.0325,0.4099,0.8538,0.948
0.258249375,0.0320,0.4095,0.8538,0.947
0.261624791,0.0306,0.4124,0.8562,0.951
0.263079687,0.0306,0.4129,0.8611,0.955
0.26470302,0.0296,0.4134,0.8650,0.959
0.267709999,0.0296,0.4153,0.8714,0.966
0.268459166,0.0315,0.4153,0.8782,0.972
0.270220468,0.0340,0.4153,0.8846,0.978
0.271903124,0.0350,0.4173,0.8900,0.984
0.275689427,0.0403,0.4158,0.8968,0.989
0.277770312,0.0399,0.4148,0.9022,0.994
0.280496874,0.0447,0.4153,0.9080,1.000
0.281338541,0.0487,0.4114,0.9149,1.004
0.282021145,0.0506,0.4134,0.9183,1.008
0.284477083,0.0511,0.4143,0.9256,1.015
0.287645208,0.0516,0.4158,0.9310,1.021
0.288338541,0.0501,0.4163,0.9340,1.024
0.294868072,0.0477,0.4187,0.9388,1.029
0.296106979,0.0462,0.4207,0.9428,1.033
0.296727916,0.0457,0.4187,0.9428,1.033
0.297209427,0.0447,0.4231,0.9462,1.037
0.298601354,0.0447,0.4207,0.9467,1.037
0.300003333,0.0447,0.4207,0.9481,1.038
0.302306614,0.0447,0.4202,0.9486,1.038
0.304829843,0.0447,0.4178,0.9472,1.036
0.308828281,0.0472,0.4173,0.9452,1.034
0.310452604,0.0452,0.4124,0.9442,1.031
0.311335208,0.0457,0.4134,0.9413,1.029
0.311956614,0.0433,0.4124,0.9374,1.025
0.314379531,0.0408,0.4104,0.9354,1.022
0.317877708,0.0403,0.4095,0.9300,1.017
0.319986927,0.0379,0.4085,0.9261,1.013
0.320545052,0.0335,0.4085,0.9217,1.009
0.321844635,0.0291,0.4119,0.9193,1.008
0.325342239,0.0271,0.4104,0.9144,1.003
0.327257031,0.0237,0.4080,0.9115,0.999
0.328239635,0.0232,0.4060,0.9061,0.993
0.330285572,0.0232,0.4065,0.9036,0.991
0.33190026,0.0218,0.4051,0.9027,0.990
0.33425276,0.0232,0.4031,0.8997,0.986
0.337711718,0.0227,0.4011,0.8988,0.984
0.342363645,0.0227,0.3992,0.8963,0.981
0.343435833,0.0208,0.3997,0.8963,0.982
0.343942031,0.0208,0.4002,0.8963,0.982
0.347578281,0.0198,0.4007,0.8953,0.981
0.348542968,0.0179,0.4002,0.8944,0.980
0.348960729,0.0183,0.3997,0.8934,0.979
0.35056052,0.0174,0.3987,0.8958,0.981
0.351849322,0.0169,0.4007,0.8963,0.982
0.354373124,0.0164,0.4026,0.8968,0.983
0.35884927,0.0193,0.4041,0.8953,0.982
0.359830677,0.0232,0.4055,0.8958,0.984
0.360311927,0.0262,0.4051,0.8944,0.982
0.361931406,0.0271,0.4036,0.8944,0.982
0.36443526,0.0301,0.4060,0.8904,0.979
0.368574062,0.0311,0.4065,0.8904,0.979
0.369310729,0.0340,0.4051,0.8904,0.979
0.371197812,0.0355,0.4055,0.8909,0.980
0.371777552,0.0389,0.4031,0.8924,0.980
0.375544843,0.0403,0.4070,0.8934,0.983
0.378752708,0.0408,0.4065,0.8953,0.984
0.380228489,0.0413,0.4080,0.8973,0.987
0.380835052,0.0394,0.4095,0.8988,0.988
0.382989895,0.0374,0.4090,0.8997,0.989
0.384697187,0.0335,0.4099,0.9027,0.992
0.388855052,0.0320,0.4124,0.9051,0.995
0.389693802,0.0296,0.4114,0.9056,0.995
0.392319166,0.0306,0.4134,0.9080,0.998
0.393201041,0.0306,0.4139,0.9076,0.998
0.395273802,0.0325,0.4139,0.9080,0.998
0.398015364,0.0330,0.4143,0.9085,0.999
0.398668802,0.0369,0.4134,0.9105,1.001
0.400647135,0.0379,0.4143,0.9110,1.002
0.401974791,0.0408,0.4139,0.9115,1.002
0.404853437,0.0399,0.4129,0.9124,1.002
0.408459583,0.0389,0.4143,0.9105,1.001
0.409383124,0.0399,0.4143,0.9095,1.000
0.410426458,0.0408,0.4148,0.9100,1.001
0.413017187,0.0418,0.4139,0.9085,0.999
0.41534052,0.0389,0.4143,0.9080,0.999
0.417038177,0.0384,0.4139,0.9080,0.999
0.417932083,0.0399,0.4158,0.9076,0.999
0.421052291,0.0389,0.4148,0.9085,1.000
0.421810364,0.0399,0.4148,0.9080,0.999
0.426607239,0.0399,0.4143,0.9100,1.001
0.427993697,0.0423,0.4148,0.9105,1.001
0.430295989,0.0438,0.4139,0.9120,1.002
0.431659218,0.0447,0.4114,0.9120,1.001
0.432258541,0.0443,0.4134,0.9100,1.000
0.434871666,0.0423,0.4114,0.9085,0.998
0.442388281,0.0413,0.4124,0.9085,0.999
0.443206197,0.0394,0.4124,0.9090,0.999
0.443650937,0.0369,0.4124,0.9090,0.999
0.444021249,0.0345,0.4119,0.9105,1.000
0.444571666,0.0359,0.4119,0.9129,1.002
0.447623072,0.0364,0.4090,0.9144,1.002
0.448232135,0.0369,0.4080,0.9144,1.002
0.450284791,0.0374,0.4090,0.9178,1.006
0.451798333,0.0394,0.4104,0.9168,1.005
0.454081093,0.0389,0.4099,0.9178,1.006
0.45857151,0.0379,0.4109,0.9203,1.009
0.459903072,0.0369,0.4104,0.9198,1.008
0.46041677,0.0364,0.4095,0.9217,1.009
0.462237812,0.0389,0.4060,0.9217,1.008
0.464950104,0.0433,0.4055,0.9227,1.009
0.467717499,0.0403,0.4060,0.9237,1.010
0.468381145,0.0428,0.4060,0.9247,1.011
0.470268489,0.0423,0.4046,0.9247,1.010
0.472124166,0.0438,0.4041,0.9237,1.009
0.474949114,0.0447,0.4055,0.9193,1.006
0.477677864,0.0477,0.4046,0.9193,1.006
0.480662968,0.0472,0.4046,0.9164,1.003
0.481794635,0.0496,0.4021,0.9110,0.997
0.482261197,0.0487,0.4007,0.9076,0.993
0.485637499,0.0491,0.4021,0.9027,0.989
0.486442499,0.0506,0.4011,0.8988,0.986
0.490252968,0.0491,0.3997,0.8953,0.982
0.491218645,0.0487,0.4002,0.8929,0.980
0.493664426,0.0462,0.3987,0.8904,0.977
0.495308801,0.0443,0.3992,0.8909,0.977
0.497147864,0.0403,0.4021,0.8865,0.974
0.497965416,0.0374,0.4021,0.8865,0.974
0.502264791,0.0345,0.4021,0.8856,0.973
0.502967656,0.0315,0.4011,0.8851,0.972
0.504553749,0.0276,0.4021,0.8865,0.974
0.508010676,0.0247,0.4041,0.8885,0.976
0.508844479,0.0213,0.4026,0.8895,0.977
0.510046874,0.0183,0.4051,0.8890,0.977
0.512438385,0.0144,0.4041,0.8904,0.978
0.514603854,0.0125,0.4070,0.8919,0.980
0.518752343,0.0120,0.4075,0.8934,0.982
0.520919218,0.0086,0.4060,0.8958,0.984
0.521447395,0.0081,0.4099,0.8988,0.988
0.521844895,0.0076,0.4085,0.8983,0.987
0.526860416,0.0086,0.4075,0.9051,0.993
0.52780276,0.0095,0.4075,0.9100,0.997
0.528240208,0.0091,0.4104,0.9149,1.003
0.531270364,0.0095,0.4109,0.9168,1.005
0.531888958,0.0081,0.4104,0.9173,1.005
0.53494276,0.0071,0.4099,0.9168,1.004
0.536428281,0.0051,0.4119,0.9183,1.006
0.539033072,0.0012,0.4129,0.9159,1.005
0.541943541,-0.0002,0.4134,0.9173,1.006
0.542755781,-0.0027,0.4143,0.9159,1.005
0.544594531,-0.0046,0.4143,0.9149,1.004
0.547686093,-0.0041,0.4143,0.9183,1.007
0.548290051,-0.0041,0.4139,0.9168,1.006
0.550255937,-0.0017,0.4119,0.9168,1.005
0.552954739,0.0012,0.4095,0.9178,1.005
0.554374843,0.0051,0.4075,0.9193,1.006
0.557962343,0.0076,0.4046,0.9178,1.003
0.558815729,0.0115,0.4041,0.9164,1.002
0.560291197,0.0149,0.4021,0.9188,1.003
0.561935208,0.0188,0.4031,0.9208,1.005
0.565119166,0.0208,0.4007,0.9203,1.004
0.566606562,0.0237,0.3997,0.9193,1.003
0.568497083,0.0267,0.4002,0.9193,1.003
0.570200364,0.0267,0.4002,0.9159,1.000
0.572438281,0.0286,0.4016,0.9144,0.999
0.57548427,0.0271,0.4031,0.9124,0.998
0.577924583,0.0291,0.4011,0.9110,0.996
0.580676145,0.0301,0.4036,0.9105,0.996
0.581276093,0.0296,0.4031,0.9085,0.994
0.582005156,0.0306,0.4007,0.9105,0.995
0.584903385,0.0330,0.4002,0.9085,0.993
0.588776926,0.0340,0.4016,0.9071,0.993
0.589434999,0.0384,0.4002,0.9061,0.991
0.59233776,0.0394,0.4002,0.9061,0.991
0.593170624,0.0457,0.4011,0.9046,0.991
0.595810676,0.0491,0.4002,0.9041,0.990
0.596884166,0.0531,0.3977,0.9051,0.990
0.598300781,0.0560,0.4007,0.9066,0.993
0.599925416,0.0604,0.4011,0.9076,0.994
0.602092187,0.0638,0.4016,0.9071,0.994
0.605221249,0.0633,0.4031,0.9085,0.996
0.607618801,0.0658,0.4036,0.9076,0.995
0.610501979,0.0643,0.4031,0.9080,0.996
0.611369322,0.0653,0.4036,0.9090,0.997
0.612003385,0.0628,0.4055,0.9090,0.997
0.614825312,0.0599,0.4060,0.9100,0.998
0.617767656,0.0584,0.4085,0.9100,0.999
0.618344062,0.0589,0.4099,0.9134,1.003
0.620450364,0.0570,0.4099,0.9129,1.002
0.621924583,0.0570,0.4114,0.9149,1.005
0.625021406,0.0555,0.4114,0.9134,1.003
0.627260468,0.0540,0.4109,0.9139,1.004
0.628136718,0.0531,0.4099,0.9144,1.003
0.630563801,0.0511,0.4095,0.9144,1.003
0.63189401,0.0496,0.4109,0.9144,1.004
0.63464276,0.0472,0.4114,0.9154,1.005
0.637005781,0.0467,0.4099,0.9129,1.002
0.638263854,0.0447,0.4109,0.9124,1.002
0.643812343,0.0443,0.4119,0.9120,1.002
0.644731614,0.0408,0.4124,0.9124,1.002
0.645055781,0.0384,0.4139,0.9090,1.000
0.646931666,0.0335,0.4153,0.9090,1.000
0.648178593,0.0301,0.4168,0.9071,0.999
0.650117291,0.0281,0.4139,0.9051,0.996
0.651761874,0.0276,0.4124,0.9027,0.993
0.65440302,0.0232,0.4129,0.9022,0.992
0.65822302,0.0213,0.4129,0.9027,0.993
0.659390833,0.0198,0.4109,0.9027,0.992
0.661144583,0.0193,0.4090,0.9017,0.990
0.661826979,0.0169,0.4109,0.9007,0.990
0.664732551,0.0154,0.4090,0.8983,0.987
0.667869999,0.0135,0.4085,0.9002,0.989
0.670261406,0.0144,0.4080,0.8983,0.987
0.670799791,0.0125,0.4085,0.8958,0.985
0.672037968,0.0110,0.4051,0.8924,0.980
0.677201458,0.0105,0.4060,0.8934,0.981
0.678494114,0.0105,0.4036,0.8934,0.980
0.678934895,0.0091,0.4055,0.8934,0.981
0.680111041,0.0091,0.4026,0.8929,0.980
0.682702708,0.0115,0.4031,0.8924,0.979
0.684527604,0.0110,0.4026,0.8929,0.980
0.692223697,0.0110,0.4021,0.8939,0.980
0.693340312,0.0120,0.4002,0.8953,0.981
0.693793697,0.0125,0.4007,0.8944,0.980
0.694137499,0.0149,0.4011,0.8939,0.980
0.694594531,0.0154,0.3987,0.8958,0.981
0.697210728,0.0174,0.4002,0.8953,0.981
0.697924166,0.0198,0.4026,0.8958,0.982
0.700279999,0.0213,0.4021,0.8963,0.983
0.70219802,0.0232,0.4011,0.8983,0.984
0.704542656,0.0276,0.4016,0.9012,0.987
0.708431353,0.0281,0.4021,0.9041,0.990
0.709797395,0.0306,0.4031,0.9076,0.994
0.711216718,0.0384,0.4021,0.9110,0.997
0.711801458,0.0413,0.4021,0.9144,1.000
0.714283489,0.0467,0.4026,0.9164,1.002
0.717263489,0.0496,0.4016,0.9212,1.006
0.717882135,0.0526,0.4031,0.9203,1.006
0.719759687,0.0535,0.4031,0.9217,1.007
0.721716093,0.0535,0.4031,0.9237,1.009
0.724394895,0.0511,0.4051,0.9242,1.010
0.726895728,0.0506,0.4060,0.9276,1.014
0.728459374,0.0496,0.4070,0.9271,1.014
0.730334687,0.0472,0.4075,0.9310,1.017
0.732070781,0.0462,0.4060,0.9320,1.018
0.734214895,0.0462,0.4070,0.9364,1.022
0.736521353,0.0423,0.4075,0.9384,1.024
0.738695989,0.0418,0.4080,0.9393,1.025
0.746680833,0.0413,0.4085,0.9369,1.023
0.747603333,0.0399,0.4065,0.9379,1.023
0.747958801,0.0359,0.4095,0.9369,1.023
0.748264218,0.0340,0.4085,0.9354,1.021
0.748614843,0.0330,0.4060,0.9335,1.018
0.752492447,0.0320,0.4070,0.9310,1.017
0.753466197,0.0291,0.4026,0.9296,1.013
0.754162447,0.0257,0.4051,0.9291,1.014
0.757934166,0.0252,0.4026,0.9271,1.011
0.759624218,0.0252,0.4002,0.9247,1.008
0.760266978,0.0227,0.3987,0.9227,1.005
0.763033853,0.0203,0.3997,0.9193,1.003
0.765381249,0.0179,0.4007,0.9173,1.001
0.768269478,0.0149,0.3997,0.9120,0.996
0.768678385,0.0135,0.3987,0.9076,0.991
0.770388124,0.0100,0.3987,0.9041,0.988
0.771767916,0.0076,0.4002,0.8992,0.984
0.774389843,0.0061,0.3987,0.8958,0.981
0.778395156,0.0042,0.3967,0.8895,0.974
0.778800572,0.0027,0.3987,0.8860,0.972
0.780408489,0.0012,0.3982,0.8821,0.968
0.782201666,0.0003,0.3967,0.8802,0.965
0.784660624,0.0007,0.3953,0.8777,0.963
0.786304322,0.0003,0.3953,0.8768,0.962
0.788675156,0.0017,0.3933,0.8743,0.959
0.791092656,0.0042,0.3948,0.8743,0.959
0.791938749,0.0076,0.3943,0.8738,0.959
0.795286093,0.0120,0.3953,0.8753,0.960
0.797419791,0.0154,0.3948,0.8753,0.960
0.798019583,0.0203,0.3953,0.8797,0.965
0.80051026,0.0223,0.3958,0.8802,0.965
0.802333072,0.0242,0.3963,0.8816,0.967
0.805162499,0.0227,0.4007,0.8846,0.971
0.808081197,0.0203,0.4007,0.8851,0.972
0.808761666,0.0227,0.3982,0.8919,0.977
0.810351093,0.0267,0.3982,0.8948,0.980
0.812127239,0.0286,0.3943,0.9032,0.986
0.814800416,0.0315,0.3958,0.9095,0.992
0.817897395,0.0330,0.3948,0.9168,0.999
0.818515416,0.0350,0.3967,0.9237,1.006
0.821155208,0.0374,0.3972,0.9266,1.009
0.821762499,0.0359,0.3987,0.9320,1.014
0.824474426,0.0350,0.4002,0.9393,1.022
0.829109687,0.0350,0.4026,0.9403,1.023
0.82981026,0.0355,0.4016,0.9457,1.028
0.831765624,0.0350,0.4021,0.9481,1.030
0.832347135,0.0330,0.4046,0.9540,1.037
0.835144374,0.0330,0.4060,0.9535,1.037
0.838468281,0.0320,0.4046,0.9545,1.037
0.839083853,0.0315,0.4051,0.9560,1.039
0.84156776,0.0320,0.4070,0.9540,1.038
0.84245401,0.0306,0.4075,0.9530,1.037
0.84549302,0.0296,0.4036,0.9540,1.036
0.848077916,0.0320,0.4036,0.9540,1.036
0.848679166,0.0320,0.4031,0.9506,1.033
0.850767864,0.0315,0.4041,0.9491,1.032
0.851791718,0.0315,0.4011,0.9442,1.026
0.854222499,0.0306,0.4002,0.9437,1.026
0.858339583,0.0286,0.4011,0.9393,1.022
0.859210885,0.0296,0.4011,0.9335,1.016
0.860223124,0.0281,0.3987,0.9305,1.013
0.86307026,0.0242,0.3987,0.9252,1.008
0.86455901,0.0242,0.3977,0.9193,1.002
0.86886026,0.0223,0.3987,0.9144,0.998
0.869602187,0.0188,0.3972,0.9095,0.993
0.870061301,0.0203,0.3982,0.9061,0.990
0.872681926,0.0193,0.3987,0.9007,0.985
0.878866301,0.0203,0.3948,0.8968,0.980
0.880131145,0.0198,0.3958,0.8944,0.978
0.880661458,0.0174,0.3972,0.8914,0.976
0.881651562,0.0169,0.3953,0.8885,0.973
0.882968749,0.0183,0.3958,0.8836,0.968
0.884422656,0.0183,0.3967,0.8831,0.968
0.886621197,0.0174,0.3972,0.8821,0.968
0.888542812,0.0169,0.3948,0.8807,0.965
0.892282187,0.0179,0.3933,0.8782,0.962
0.894452499,0.0179,0.3958,0.8792,0.964
0.895239426,0.0188,0.3967,0.8821,0.967
0.896913853,0.0198,0.3972,0.8826,0.968
0.898522916,0.0223,0.3972,0.8816,0.967
0.900037656,0.0237,0.3982,0.8826,0.969
0.901894635,0.0242,0.3992,0.8875,0.973
0.904111041,0.0257,0.4021,0.8895,0.976
0.909516197,0.0271,0.4007,0.8914,0.978
0.911113176,0.0286,0.4011,0.8934,0.980
0.911568072,0.0291,0.4007,0.8953,0.981
0.912135103,0.0291,0.4016,0.8973,0.984
0.914274947,0.0306,0.4026,0.8997,0.986
0.917549635,0.0311,0.3997,0.9002,0.985
0.918296718,0.0315,0.3992,0.9022,0.987
0.920040885,0.0325,0.3997,0.9066,0.991
0.921733958,0.0315,0.4011,0.9085,0.994
0.924938489,0.0340,0.4011,0.9124,0.997
0.927425103,0.0345,0.4021,0.9164,1.001
0.930285937,0.0330,0.4031,0.9208,1.006
0.93096828,0.0340,0.4041,0.9247,1.010
0.931845624,0.0340,0.4060,0.9271,1.013
0.934590468,0.0315,0.4031,0.9281,1.012
0.942161458,0.0315,0.4051,0.9296,1.014
0.943251874,0.0325,0.4065,0.9300,1.016
0.943689426,0.0315,0.4065,0.9315,1.017
0.944033801,0.0325,0.4046,0.9296,1.014
0.945501614,0.0330,0.4060,0.9330,1.018
0.947172603,0.0335,0.4055,0.9335,1.018
0.948377291,0.0340,0.4046,0.9320,1.017
0.94988802,0.0350,0.4036,0.9344,1.018
0.951662655,0.0340,0.4031,0.9335,1.017
0.954089999,0.0359,0.4036,0.9325,1.017
0.958066926,0.0350,0.4026,0.9305,1.015
0.959031093,0.0330,0.4021,0.9281,1.012
0.960745676,0.0325,0.4021,0.9261,1.010
0.96192901,0.0301,0.4031,0.9242,1.009
0.964991926,0.0267,0.4036,0.9227,1.007
0.967555833,0.0257,0.4021,0.9178,1.002
0.968061666,0.0223,0.4026,0.9149,1.000
0.97008328,0.0223,0.4031,0.9115,0.997
0.971718228,0.0193,0.4021,0.9095,0.995
0.974971405,0.0198,0.4007,0.9085,0.993
0.977173801,0.0154,0.4011,0.9071,0.992
0.978089687,0.0169,0.3982,0.9066,0.990
0.98070927,0.0154,0.3982,0.9032,0.987
0.981934635,0.0169,0.3967,0.9022,0.986
0.984871093,0.0164,0.3977,0.9002,0.984
0.986166666,0.0154,0.3958,0.8997,0.983
0.988423489,0.0139,0.3963,0.8968,0.981
0.991871093,0.0130,0.3943,0.8963,0.979
0.993545572,0.0135,0.3958,0.8944,0.978
0.994346301,0.0130,0.3948,0.8973,0.980
0.997594478,0.0149,0.3928,0.8983,0.981
0.998356666,0.0159,0.3953,0.8983,0.982
0.999794114,0.0193,0.3938,0.9012,0.984
1.002203437,0.0218,0.3924,0.9027,0.984
1.004583489,0.0218,0.3948,0.9046,0.987
1.010549895,0.0232,0.3958,0.9041,0.987
1.01158026,0.0242,0.3967,0.9036,0.987
1.012033749,0.0227,0.3972,0.9061,0.990
1.012374687,0.0271,0.3977,0.9056,0.989
1.016039583,0.0257,0.3977,0.9066,0.990
1.016982499,0.0257,0.4002,0.9085,0.993
1.018527343,0.0262,0.3997,0.9110,0.995
1.020075208,0.0286,0.4007,0.9134,0.998
1.021733072,0.0306,0.4011,0.9154,1.000
1.02556651,0.0330,0.3997,0.9183,1.002
1.027339635,0.0325,0.3997,0.9208,1.004
1.02858453,0.0379,0.4002,0.9266,1.010
1.030189635,0.0389,0.4021,0.9271,1.011
1.031936041,0.0418,0.4011,0.9296,1.013
1.034571197,0.0408,0.4026,0.9315,1.016
1.036945416,0.0389,0.4031,0.9330,1.017
1.037815989,0.0374,0.4046,0.9315,1.016
1.04108552,0.0350,0.4036,0.9325,1.017
1.04236927,0.0330,0.4060,0.9340,1.019
1.044418958,0.0296,0.4041,0.9344,1.019
1.048280676,0.0267,0.4051,0.9340,1.018
1.050158072,0.0247,0.4051,0.9330,1.017
1.050813072,0.0223,0.4051,0.9325,1.017
1.051735468,0.0247,0.4036,0.9320,1.016
1.054445833,0.0232,0.4031,0.9291,1.013
1.05823828,0.0232,0.4031,0.9276,1.012
1.059483593,0.0223,0.4002,0.9256,1.009
1.06048401,0.0218,0.4002,0.9237,1.007
1.06198776,0.0208,0.3982,0.9188,1.002
1.064851249,0.0179,0.3987,0.9168,1.000
1.067525364,0.0179,0.3967,0.9129,0.996
1.068251666,0.0169,0.3972,0.9115,0.994
1.070259999,0.0154,0.3967,0.9085,0.992
1.072179791,0.0130,0.3972,0.9032,0.987
1.07460052,0.0105,0.3948,0.9012,0.984
1.07678078,0.0105,0.3943,0.8973,0.980
1.078621405,0.0095,0.3938,0.8948,0.978
1.08005776,0.0051,0.3943,0.8919,0.975
1.082152395,0.0037,0.3919,0.8909,0.973
1.084347812,0.0037,0.3924,0.8890,0.972
1.086333124,0.0037,0.3924,0.8890,0.972
1.088075833,0.0042,0.3919,0.8890,0.972
1.090936145,0.0056,0.3943,0.8895,0.973
1.091940572,0.0076,0.3933,0.8904,0.973
1.094290728,0.0115,0.3938,0.8914,0.975
1.09677078,0.0149,0.3963,0.8939,0.978
1.097747603,0.0179,0.3943,0.8968,0.980
1.10010276,0.0208,0.3958,0.8983,0.982
1.101743853,0.0247,0.3982,0.8983,0.983
1.10443203,0.0262,0.3982,0.9002,0.985
1.107326093,0.0271,0.3987,0.9017,0.986
1.108431249,0.0301,0.3987,0.9056,0.990
1.110087135,0.0325,0.4002,0.9115,0.996
1.112135468,0.0355,0.4011,0.9159,1.000
1.114136926,0.0364,0.4026,0.9198,1.005
1.117027603,0.0384,0.4021,0.9252,1.010
1.117672447,0.0399,0.4031,0.9286,1.013
1.11961302,0.0413,0.4036,0.9310,1.016
1.12164276,0.0394,0.4046,0.9344,1.019
1.12463927,0.0384,0.4060,0.9374,1.022
1.127485364,0.0379,0.4080,0.9379,1.023
1.130371978,0.0369,0.4070,0.9384,1.023
1.131122708,0.0359,0.4095,0.9403,1.026
1.131725416,0.0345,0.4085,0.9393,1.025
1.134909687,0.0335,0.4104,0.9408,1.027
1.136683853,0.0315,0.4109,0.9408,1.027
1.137895468,0.0311,0.4104,0.9418,1.028
1.143793489,0.0325,0.4075,0.9388,1.024
1.145003853,0.0330,0.4075,0.9379,1.023
1.145432916,0.0311,0.4055,0.9344,1.019
1.147338801,0.0325,0.4046,0.9300,1.015
1.147952916,0.0311,0.4036,0.9242,1.009
1.150095364,0.0296,0.4016,0.9222,1.006
1.151876926,0.0301,0.4016,0.9193,1.004
1.154588749,0.0276,0.4007,0.9139,0.998
1.15857151,0.0262,0.4011,0.9110,0.996
1.159751145,0.0252,0.4021,0.9076,0.993
1.160739322,0.0252,0.4021,0.9051,0.991
1.162098176,0.0242,0.4007,0.9007,0.986
1.164691457,0.0267,0.4011,0.8968,0.983
1.166493541,0.0267,0.4011,0.8939,0.980
1.168284582,0.0262,0.3997,0.8934,0.979
1.17001828,0.0257,0.3982,0.8880,0.974
1.172073957,0.0267,0.4002,0.8856,0.972
1.17750177,0.0281,0.3997,0.8821,0.969
1.178832499,0.0257,0.3997,0.8797,0.967
1.179359843,0.0257,0.4007,0.8782,0.966
1.180563332,0.0223,0.4007,0.8753,0.963
1.181771718,0.0203,0.3992,0.8763,0.963
1.184976926,0.0203,0.4011,0.8763,0.964
1.191331301,0.0193,0.4011,0.8777,0.965
1.192376926,0.0193,0.4007,0.8821,0.969
1.192730676,0.0208,0.4011,0.8816,0.969
1.192994062,0.0198,0.3992,0.8846,0.971
1.194174062,0.0223,0.4026,0.8870,0.974
1.196668385,0.0213,0.4007,0.8900,0.976
1.198462812,0.0203,0.4011,0.8924,0.979
1.199772395,0.0198,0.4011,0.8939,0.980
1.201747395,0.0183,0.4011,0.8968,0.983
1.203920468,0.0183,0.4021,0.8968,0.983
1.207244895,0.0188,0.4016,0.9007,0.986
1.208616926,0.0179,0.4026,0.9056,0.991
1.210288489,0.0208,0.4016,0.9095,0.994
1.212250364,0.0223,0.4016,0.9120,0.997
1.214125832,0.0232,0.4026,0.9154,1.000
1.216993801,0.0252,0.4016,0.9193,1.004
1.217741978,0.0252,0.4021,0.9212,1.006
1.220024947,0.0242,0.4026,0.9232,1.007
1.221602343,0.0252,0.4031,0.9252,1.009
1.224444843,0.0252,0.4021,0.9266,1.010
1.227591978,0.0257,0.4026,0.9310,1.015
1.230386353,0.0276,0.4021,0.9344,1.018
1.231017447,0.0296,0.4031,0.9384,1.022
1.231745728,0.0330,0.4036,0.9423,1.026
1.234426353,0.0355,0.4031,0.9452,1.028
1.236001978,0.0355,0.4046,0.9481,1.031
1.238025364,0.0399,0.4055,0.9462,1.030
1.241812916,0.0399,0.4031,0.9447,1.028
1.242877291,0.0364,0.4036,0.9423,1.026
1.244393957,0.0345,0.4055,0.9413,1.026
1.247384218,0.0320,0.4075,0.9393,1.024
1.250274218,0.0311,0.4090,0.9398,1.025
1.250749374,0.0286,0.4090,0.9369,1.023
1.251779426,0.0262,0.4090,0.9359,1.022
1.254462812,0.0237,0.4095,0.9340,1.020
1.25719776,0.0208,0.4090,0.9315,1.018
1.258709895,0.0203,0.4070,0.9286,1.014
1.260997499,0.0193,0.4055,0.9247,1.010
1.262097135,0.0169,0.4046,0.9183,1.004
1.264410728,0.0154,0.4036,0.9149,1.000
1.266710624,0.0164,0.4016,0.9115,0.996
1.268329426,0.0149,0.4002,0.9095,0.994
1.270028853,0.0139,0.3997,0.9071,0.991
1.271880676,0.0135,0.3982,0.9061,0.990
1.276553332,0.0120,0.4021,0.9017,0.987
1.277532812,0.0125,0.4021,0.8978,0.984
1.279815468,0.0110,0.4002,0.8944,0.980
1.280583593,0.0105,0.4007,0.8875,0.974
1.282409843,0.0115,0.4011,0.8836,0.970
1.284694062,0.0105,0.4011,0.8807,0.968
1.286528176,0.0100,0.4002,0.8753,0.962
1.288589478,0.0125,0.3982,0.8738,0.960
1.29377177,0.0130,0.3972,0.8719,0.958
1.294908957,0.0125,0.3958,0.8699,0.956
1.299878489,0.0135,0.3963,0.8675,0.954
1.300593905,0.0159,0.3958,0.8680,0.954
1.300915989,0.0149,0.3967,0.8680,0.954
1.301232187,0.0159,0.3987,0.8665,0.954
1.301709478,0.0154,0.3967,0.8675,0.954
1.304141718,0.0179,0.3992,0.8709,0.958
1.307873228,0.0169,0.3987,0.8714,0.958
1.308872812,0.0188,0.4026,0.8719,0.961
1.31135526,0.0188,0.4031,0.8753,0.964
1.31208276,0.0208,0.4036,0.8777,0.966
1.314427864,0.0218,0.4046,0.8797,0.969
1.317436249,0.0247,0.4011,0.8816,0.969
1.320339218,0.0291,0.4016,0.8856,0.973
1.321010624,0.0311,0.4002,0.8895,0.976
1.321898593,0.0320,0.4021,0.8944,0.981
1.324443385,0.0315,0.4026,0.8983,0.985
1.327399947,0.0340,0.4026,0.9017,0.988
1.330327707,0.0345,0.4046,0.9071,0.994
1.330897343,0.0355,0.4055,0.9095,0.996
1.331584426,0.0345,0.4075,0.9144,1.002
1.334529739,0.0345,0.4075,0.9183,1.005
1.337352291,0.0350,0.4104,0.9222,1.010
1.342232395,0.0345,0.4099,0.9242,1.012
1.343479062,0.0335,0.4085,0.9266,1.013
1.343923176,0.0330,0.4104,0.9300,1.017
1.344324322,0.0355,0.4104,0.9325,1.019
1.348016822,0.0325,0.4104,0.9335,1.020
1.35030776,0.0340,0.4090,0.9349,1.021
1.350872343,0.0335,0.4099,0.9374,1.024
1.351768853,0.0330,0.4104,0.9359,1.022
1.354119478,0.0340,0.4090,0.9384,1.024
1.357142759,0.0325,0.4099,0.9374,1.024
1.358548072,0.0315,0.4090,0.9418,1.027
1.360372395,0.0320,0.4085,0.9388,1.024
1.362841509,0.0330,0.4085,0.9384,1.024
1.364305155,0.0320,0.4070,0.9403,1.025
1.367909687,0.0335,0.4046,0.9374,1.022
1.368484582,0.0335,0.4055,0.9393,1.024
1.370006197,0.0330,0.4065,0.9359,1.021
1.373831041,0.0320,0.4046,0.9349,1.019
1.374806197,0.0301,0.4026,0.9325,1.016
1.380239843,0.0301,0.4026,0.9310,1.015
1.381000312,0.0296,0.4036,0.9296,1.014
1.381364947,0.0286,0.4026,0.9271,1.011
1.38172203,0.0267,0.4031,0.9271,1.011
1.384556145,0.0267,0.4026,0.9227,1.007
1.387597082,0.0267,0.4016,0.9208,1.005
1.393113541,0.0276,0.4011,0.9168,1.001
1.395111509,0.0271,0.4007,0.9124,0.997
1.395672134,0.0267,0.3997,0.9105,0.995
1.396038801,0.0267,0.3967,0.9071,0.990
1.397700259,0.0271,0.3997,0.9032,0.988
1.398396978,0.0242,0.3982,0.9002,0.985
1.401377291,0.0218,0.3972,0.9002,0.984
1.40215427,0.0218,0.3972,0.8963,0.981
1.404357239,0.0203,0.3977,0.8958,0.980
1.407532239,0.0174,0.3967,0.8948,0.979
1.410400676,0.0164,0.3972,0.8929,0.977
1.411004634,0.0174,0.3977,0.8919,0.977
1.411843801,0.0149,0.3972,0.8900,0.975
1.41452703,0.0154,0.3982,0.8880,0.973
1.417084687,0.0154,0.3967,0.8885,0.973
1.418302187,0.0169,0.3977,0.8885,0.974
1.419797968,0.0169,0.3958,0.8895,0.974
1.423665416,0.0179,0.3982,0.8904,0.976
1.425054009,0.0183,0.3963,0.8904,0.975
1.427441457,0.0193,0.3963,0.8919,0.976
1.430386562,0.0174,0.3963,0.8929,0.977
1.431037291,0.0193,0.4002,0.8948,0.980
1.43157427,0.0183,0.3977,0.8968,0.981
1.434230937,0.0169,0.3982,0.8953,0.980
1.441237343,0.0179,0.3992,0.8983,0.983
1.442512395,0.0174,0.3997,0.9002,0.985
1.443008749,0.0179,0.3997,0.9017,0.986
1.444690832,0.0208,0.4002,0.9036,0.989
1.445338957,0.0223,0.3997,0.9071,0.991
1.449831093,0.0227,0.4021,0.9080,0.993
1.450492864,0.0237,0.4036,0.9115,0.997
1.450826978,0.0247,0.4046,0.9144,1.000
1.45278703,0.0262,0.4011,0.9159,1.000
1.453994062,0.0257,0.4036,0.9168,1.002
1.458626197,0.0262,0.4046,0.9168,1.002
1.459865259,0.0271,0.4046,0.9208,1.006
1.460261926,0.0291,0.4041,0.9208,1.006
1.461796405,0.0311,0.4041,0.9227,1.008
1.464855884,0.0301,0.4036,0.9261,1.011
1.466177707,0.0320,0.4031,0.9266,1.011
1.469896041,0.0325,0.4036,0.9281,1.013
1.470559582,0.0340,0.4036,0.9281,1.013
1.473945312,0.0340,0.4036,0.9305,1.015
1.476668124,0.0355,0.4031,0.9310,1.015
1.479401978,0.0340,0.4016,0.9315,1.015
1.480170416,0.0340,0.4036,0.9310,1.015
1.481741874,0.0315,0.4036,0.9305,1.015
1.482395051,0.0306,0.4036,0.9320,1.016
1.484226666,0.0320,0.4031,0.9305,1.015
1.486193957,0.0315,0.4041,0.9315,1.016
1.488192499,0.0286,0.4055,0.9286,1.014
1.490928124,0.0276,0.4055,0.9286,1.014
1.491873437,0.0276,0.4026,0.9296,1.013
1.494047916,0.0262,0.4036,0.9261,1.011
1.49729703,0.0267,0.4021,0.9252,1.009
1.498165364,0.0262,0.4021,0.9256,1.010
1.499590676,0.0262,0.4031,0.9227,1.007
1.501586301,0.0257,0.4021,0.9212,1.006
1.504155884,0.0271,0.4011,0.9178,1.002
1.509410312,0.0267,0.4011,0.9178,1.002
1.510458905,0.0242,0.4016,0.9139,0.999
1.510884843,0.0232,0.4036,0.9110,0.997
1.511956978,0.0223,0.4016,0.9076,0.993
1.514632707,0.0198,0.4031,0.9036,0.990
1.517748228,0.0174,0.4021,0.9007,0.987
1.518374322,0.0154,0.4011,0.8958,0.982
1.519768384,0.0144,0.4051,0.8939,0.981
1.523646614,0.0125,0.4036,0.8900,0.977
1.524756562,0.0105,0.4026,0.8895,0.976
1.527550364,0.0105,0.4036,0.8895,0.977
1.53017427,0.0091,0.4021,0.8875,0.974
1.531001197,0.0115,0.4011,0.8865,0.973
1.531718853,0.0120,0.4002,0.8865,0.973
1.534810259,0.0125,0.4007,0.8865,0.973
1.537660312,0.0144,0.4002,0.8851,0.971
1.541166718,0.0154,0.4026,0.8875,0.975
1.54220427,0.0169,0.4026,0.8875,0.975
1.54260078,0.0174,0.3997,0.8895,0.975
1.544719009,0.0232,0.4016,0.8934,0.980
1.546466457,0.0232,0.4002,0.8934,0.979
1.548147812,0.0262,0.4026,0.8948,0.982
1.549967395,0.0281,0.4026,0.8997,0.986
1.551657916,0.0311,0.4041,0.9036,0.990
1.553923697,0.0311,0.4041,0.9061,0.993
1.557168384,0.0311,0.4060,0.9085,0.996
1.558929114,0.0320,0.4080,0.9124,1.000
1.559892447,0.0325,0.4070,0.9139,1.001
1.561920103,0.0335,0.4075,0.9188,1.006
1.564180884,0.0364,0.4080,0.9217,1.009
1.566883957,0.0350,0.4085,0.9222,1.009
1.568712291,0.0350,0.4085,0.9266,1.013
1.569991509,0.0335,0.4075,0.9281,1.014
1.574566822,0.0330,0.4099,0.9286,1.016
1.575670884,0.0301,0.4070,0.9315,1.017
1.57774802,0.0301,0.4080,0.9300,1.016
1.57847953,0.0286,0.4080,0.9320,1.018
1.580298697,0.0276,0.4070,0.9320,1.017
1.581787916,0.0262,0.4080,0.9315,1.017
1.584628332,0.0262,0.4060,0.9296,1.015
1.588041353,0.0267,0.4055,0.9300,1.015
1.592259374,0.0242,0.4060,0.9286,1.014
1.593638176,0.0247,0.4036,0.9252,1.010
1.59430578,0.0257,0.4041,0.9232,1.008
1.59516578,0.0252,0.4016,0.9208,1.005
1.597002343,0.0247,0.4016,0.9183,1.003
1.598338853,0.0242,0.3997,0.9139,0.998
1.600146978,0.0247,0.4011,0.9095,0.994
1.60169328,0.0203,0.3992,0.9066,0.991
1.604142968,0.0193,0.4002,0.9032,0.988
1.608116457,0.0188,0.3997,0.9002,0.985
1.609855936,0.0169,0.3997,0.8983,0.983
1.611368124,0.0183,0.3982,0.8953,0.980
1.612040676,0.0188,0.3992,0.8934,0.979
1.614014478,0.0193,0.3987,0.8934,0.979
1.617853801,0.0213,0.3977,0.8944,0.979
1.620343853,0.0232,0.3977,0.8973,0.982
1.620884686,0.0262,0.3982,0.8983,0.983
1.62181802,0.0311,0.3987,0.8988,0.984
1.624896301,0.0315,0.3992,0.8992,0.984
1.627381301,0.0335,0.3982,0.8997,0.984
1.630463905,0.0325,0.4007,0.8973,0.983
1.631572916,0.0315,0.4021,0.8983,0.985
1.632059218,0.0311,0.4041,0.8983,0.985
1.634525936,0.0301,0.4051,0.9002,0.988
1.637439791,0.0296,0.4055,0.9032,0.990
1.643047447,0.0296,0.4055,0.9071,0.994
1.644253384,0.0325,0.4065,0.9100,0.997
1.644767864,0.0325,0.4065,0.9144,1.001
1.645207134,0.0320,0.4041,0.9144,1.000
1.647774634,0.0340,0.4036,0.9173,1.003
1.650600207,0.0335,0.4051,0.9149,1.001
1.651286614,0.0306,0.4070,0.9173,1.004
1.651804218,0.0301,0.4080,0.9178,1.005
1.654179009,0.0291,0.4080,0.9193,1.006
1.657575989,0.0281,0.4085,0.9203,1.007
1.660370416,0.0252,0.4114,0.9198,1.008
1.661055832,0.0262,0.4129,0.9212,1.010
1.661856718,0.0237,0.4109,0.9252,1.013
1.665034009,0.0218,0.4099,0.9261,1.013
1.668047968,0.0227,0.4109,0.9266,1.014
1.670079218,0.0257,0.4060,0.9261,1.012
1.670591249,0.0247,0.4085,0.9256,1.012
1.673989895,0.0237,0.4075,0.9237,1.010
1.675008332,0.0223,0.4070,0.9237,1.010
1.677463176,0.0208,0.4070,0.9212,1.007
1.678428332,0.0223,0.4065,0.9178,1.004
1.680126874,0.0232,0.4065,0.9139,1.001
1.681747864,0.0193,0.4070,0.9120,0.999
1.684745676,0.0223,0.4070,0.9115,0.998
1.691021614,0.0203,0.4070,0.9061,0.994
1.692562603,0.0218,0.4051,0.9041,0.991
1.693099947,0.0213,0.4051,0.9007,0.988
1.693455259,0.0223,0.4055,0.8988,0.986
1.697742759,0.0232,0.4051,0.8988,0.986
1.69853177,0.0242,0.4031,0.8973,0.984
1.698935676,0.0262,0.4051,0.8963,0.984
1.700214739,0.0262,0.4060,0.8934,0.982
1.702280572,0.0296,0.4070,0.8924,0.981
1.704169739,0.0306,0.4051,0.8900,0.978
1.710178332,0.0330,0.4065,0.8900,0.979
1.711200311,0.0345,0.4051,0.8904,0.979
1.711539218,0.0340,0.4065,0.8900,0.979
1.714356666,0.0374,0.4060,0.8929,0.982
1.714982343,0.0384,0.4090,0.8934,0.983
1.717418853,0.0413,0.4070,0.8929,0.982
1.718113541,0.0413,0.4075,0.8953,0.985
1.719864218,0.0428,0.4075,0.8963,0.986
1.722663749,0.0443,0.4070,0.8963,0.985
1.725708801,0.0457,0.4080,0.8997,0.989
1.726720468,0.0482,0.4090,0.9022,0.992
1.72877052,0.0482,0.4080,0.9036,0.993
1.730204739,0.0501,0.4085,0.9022,0.992
1.731793853,0.0511,0.4090,0.9051,0.995
1.739359114,0.0516,0.4109,0.9061,0.996
1.740220884,0.0496,0.4124,0.9071,0.998
1.740815207,0.0506,0.4124,0.9066,0.997
1.741369999,0.0501,0.4129,0.9080,0.999
1.745176822,0.0491,0.4148,0.9085,1.000
1.745993801,0.0482,0.4158,0.9080,1.000
1.747065103,0.0467,0.4158,0.9095,1.001
1.748791718,0.0452,0.4158,0.9095,1.001
1.750210051,0.0428,0.4148,0.9090,1.000
1.751955728,0.0413,0.4148,0.9095,1.001
1.754268645,0.0403,0.4143,0.9105,1.001
1.757856978,0.0379,0.4134,0.9100,1.000
1.758749322,0.0350,0.4119,0.9100,0.999
1.760375936,0.0335,0.4139,0.9100,1.000
1.762433176,0.0325,0.4129,0.9105,1.000
1.765213749,0.0315,0.4129,0.9090,0.999
1.767832864,0.0286,0.4114,0.9090,0.998
1.770172395,0.0267,0.4139,0.9080,0.998
1.770640572,0.0257,0.4124,0.9095,0.999
1.774354634,0.0223,0.4124,0.9061,0.996
1.775877343,0.0218,0.4104,0.9080,0.997
1.77764203,0.0213,0.4095,0.9061,0.995
1.778573697,0.0203,0.4065,0.9061,0.993
1.780626093,0.0188,0.4060,0.9027,0.990
1.782510989,0.0188,0.4051,0.9027,0.990
1.784138645,0.0183,0.4046,0.8997,0.987
1.787960468,0.0179,0.4021,0.8988,0.985
1.790191249,0.0154,0.4026,0.8953,0.982
1.790736041,0.0120,0.4021,0.8953,0.982
1.794956249,0.0130,0.4002,0.8924,0.978
1.795428384,0.0100,0.4007,0.8900,0.976
1.798567082,0.0100,0.4021,0.8919,0.978
1.798910155,0.0100,0.3997,0.8914,0.977
1.799998593,0.0066,0.4021,0.8890,0.976
1.801840728,0.0091,0.4002,0.8880,0.974
1.804999113,0.0086,0.4002,0.8885,0.974
1.80857078,0.0091,0.3987,0.8900,0.975
1.811216041,0.0095,0.3987,0.8895,0.975
1.811706666,0.0144,0.3977,0.8904,0.975
1.812003853,0.0135,0.3982,0.8929,0.978
1.814862447,0.0169,0.3987,0.8973,0.982
1.817736145,0.0213,0.3982,0.9017,0.986
1.81834177,0.0247,0.3963,0.9046,0.988
1.819983436,0.0296,0.3982,0.9105,0.994
1.821817186,0.0330,0.3987,0.9159,0.999
1.824777551,0.0364,0.3997,0.9183,1.002
1.828376613,0.0399,0.4016,0.9208,1.005
1.828981666,0.0428,0.4026,0.9232,1.008
1.83061328,0.0487,0.3992,0.9247,1.008
1.831847186,0.0516,0.4016,0.9276,1.012
1.834024426,0.0521,0.4046,0.9315,1.017
1.838280207,0.0531,0.4065,0.9340,1.020
1.842759166,0.0535,0.4099,0.9379,1.025
1.843579843,0.0526,0.4139,0.9413,1.030
1.843997343,0.0521,0.4134,0.9437,1.032
1.844374895,0.0501,0.4168,0.9472,1.036
1.848509426,0.0482,0.4178,0.9472,1.036
1.84909453,0.0472,0.4197,0.9511,1.041
1.85023328,0.0452,0.4197,0.9476,1.037
1.851910936,0.0457,0.4187,0.9481,1.037
1.854327499,0.0452,0.4183,0.9462,1.035
1.858519947,0.0438,0.4153,0.9442,1.032
1.859555051,0.0433,0.4158,0.9442,1.033
1.860090572,0.0403,0.4143,0.9398,1.028
1.861845363,0.0403,0.4143,0.9364,1.025
1.864484478,0.0408,0.4104,0.9320,1.019
1.868747499,0.0389,0.4104,0.9296,1.017
1.870262863,0.0355,0.4075,0.9256,1.012
1.870982707,0.0359,0.4075,0.9188,1.006
1.873865988,0.0335,0.4060,0.9095,0.997
1.874692447,0.0325,0.4051,0.9032,0.990
1.878382395,0.0291,0.4046,0.8988,0.986
1.878981666,0.0281,0.4036,0.8914,0.979
1.880467238,0.0276,0.4041,0.8860,0.974
1.882140311,0.0252,0.4051,0.8797,0.969
1.884782186,0.0218,0.4041,0.8738,0.963
1.887339426,0.0203,0.4046,0.8694,0.959
1.889007655,0.0203,0.4055,0.8675,0.958
1.892403228,0.0193,0.4046,0.8636,0.954
1.89325177,0.0193,0.4055,0.8626,0.953
1.894206509,0.0203,0.4075,0.8577,0.950
1.897433749,0.0208,0.4070,0.8572,0.949
1.898400624,0.0183,0.4051,0.8543,0.946
1.900044738,0.0203,0.4055,0.8548,0.946
1.902916041,0.0183,0.4051,0.8548,0.946
1.905276978,0.0208,0.4065,0.8562,0.948
1.907871926,0.0208,0.4075,0.8582,0.950
1.909470051,0.0198,0.4041,0.8611,0.951
1.910243124,0.0203,0.4051,0.8640,0.954
1.911951613,0.0198,0.4055,0.8665,0.957
1.914146613,0.0198,0.4055,0.8733,0.963
1.916884738,0.0213,0.4060,0.8758,0.966
1.918392916,0.0213,0.4051,0.8821,0.971
1.919876509,0.0227,0.4070,0.8895,0.978
1.921713801,0.0242,0.4065,0.8953,0.984
1.924381874,0.0267,0.4080,0.9032,0.991
1.927827655,0.0330,0.4085,0.9090,0.997
1.930315728,0.0403,0.4036,0.9139,1.000
1.930996197,0.0447,0.4070,0.9188,1.006
1.931573801,0.0472,0.4065,0.9227,1.009
1.935084061,0.0482,0.4099,0.9261,1.014
1.941149791,0.0496,0.4104,0.9300,1.018
1.942400051,0.0506,0.4114,0.9320,1.020
1.942917238,0.0506,0.4119,0.9335,1.022
1.943361041,0.0501,0.4134,0.9379,1.026
1.944200676,0.0482,0.4148,0.9418,1.030
1.947175416,0.0491,0.4153,0.9467,1.035
1.948419166,0.0501,0.4139,0.9501,1.038
1.949903176,0.0501,0.4158,0.9511,1.039
1.951582343,0.0506,0.4119,0.9511,1.038
1.953872916,0.0526,0.4124,0.9506,1.038
1.957350728,0.0496,0.4109,0.9506,1.037
1.958463541,0.0487,0.4095,0.9506,1.036
1.961020311,0.0457,0.4090,0.9472,1.033
1.962030259,0.0457,0.4075,0.9506,1.035
1.964613593,0.0462,0.4085,0.9496,1.035
1.967784218,0.0433,0.4099,0.9496,1.035
1.970545416,0.0418,0.4085,0.9501,1.035
1.971112551,0.0389,0.4080,0.9432,1.028
1.973899582,0.0369,0.4090,0.9418,1.027
1.975068072,0.0350,0.4099,0.9398,1.026
1.977273176,0.0325,0.4090,0.9344,1.021
1.978694009,0.0345,0.4080,0.9300,1.016
1.980110207,0.0325,0.4065,0.9242,1.010
1.981662447,0.0320,0.4055,0.9212,1.007
1.984418488,0.0311,0.4031,0.9159,1.001
1.985892811,0.0301,0.4036,0.9105,0.996
1.991763436,0.0291,0.4041,0.9041,0.991
1.993556926,0.0286,0.4031,0.8992,0.986
1.994120416,0.0271,0.4031,0.8914,0.979
1.994645311,0.0276,0.4026,0.8885,0.976
1.997309061,0.0242,0.4060,0.8846,0.974
1.998012343,0.0208,0.4090,0.8807,0.971
1.999809634,0.0227,0.4080,0.8768,0.967
2.001548176,0.0213,0.4070,0.8753,0.966
2.003826145,0.0213,0.4065,0.8719,0.962
2.008811249,0.0227,0.4055,0.8704,0.961
2.010560988,0.0232,0.4046,0.8724,0.962
2.011514322,0.0262,0.4046,0.8709,0.961
2.012115207,0.0262,0.4065,0.8704,0.961
2.014073593,0.0267,0.4041,0.8709,0.960
2.016621301,0.0247,0.4041,0.8714,0.961
2.018248853,0.0237,0.4065,0.8748,0.965
2.019906926,0.0247,0.4080,0.8782,0.969
2.021858957,0.0232,0.4070,0.8816,0.971
2.024315415,0.0218,0.4095,0.8846,0.975
2.026814061,0.0223,0.4104,0.8856,0.976
2.028429582,0.0203,0.4104,0.8900,0.980
2.03022078,0.0218,0.4104,0.8958,0.986
2.031707655,0.0218,0.4104,0.9002,0.990
2.033951197,0.0227,0.4085,0.9036,0.992
2.036493957,0.0227,0.4070,0.9110,0.998
2.039423905,0.0237,0.4070,0.9173,1.004
2.041904478,0.0271,0.4070,0.9217,1.008
2.043071613,0.0296,0.4070,0.9276,1.013
2.04419802,0.0320,0.4075,0.9325,1.018
2.046680363,0.0350,0.4080,0.9354,1.021
2.048386405,0.0364,0.4099,0.9369,1.023
2.049981718,0.0389,0.4099,0.9379,1.024
2.051554947,0.0384,0.4104,0.9369,1.024
2.054018905,0.0394,0.4095,0.9344,1.021
2.056867499,0.0379,0.4085,0.9349,1.021
2.058405311,0.0384,0.4085,0.9349,1.021
2.060038957,0.0399,0.4070,0.9349,1.020
2.061769061,0.0399,0.4065,0.9369,1.022
2.064070832,0.0389,0.4065,0.9359,1.021
2.066689686,0.0399,0.4060,0.9340,1.019
2.068168384,0.0403,0.4060,0.9335,1.019
2.069841978,0.0399,0.4055,0.9325,1.018
2.071701145,0.0408,0.4055,0.9296,1.015
2.074219374,0.0384,0.4065,0.9266,1.013
2.077269686,0.0408,0.4070,0.9256,1.012
2.07836677,0.0403,0.4070,0.9227,1.009
2.079932707,0.0399,0.4075,0.9198,1.007
2.081652343,0.0413,0.4085,0.9159,1.004
2.084156978,0.0403,0.4085,0.9129,1.001
2.086938228,0.0408,0.4090,0.9090,0.998
2.087650728,0.0403,0.4070,0.9051,0.993
2.093070207,0.0423,0.4085,0.9022,0.991
2.094428593,0.0433,0.4095,0.8978,0.988
2.094879738,0.0443,0.4090,0.8973,0.987
2.097327603,0.0443,0.4104,0.8953,0.986
2.098276665,0.0457,0.4099,0.8953,0.986
2.099934374,0.0496,0.4104,0.8953,0.986
2.101624322,0.0506,0.4104,0.8929,0.984
2.104103488,0.0521,0.4129,0.8944,0.986
2.10900328,0.0506,0.4148,0.8934,0.986
2.110168645,0.0511,0.4148,0.8919,0.985
2.110578697,0.0491,0.4178,0.8904,0.985
2.114382603,0.0472,0.4192,0.8890,0.984
2.115203801,0.0462,0.4202,0.8875,0.983
2.117975103,0.0462,0.4212,0.8895,0.985
2.11886979,0.0467,0.4222,0.8900,0.986
2.11978854,0.0452,0.4222,0.8895,0.986
2.121882863,0.0452,0.4207,0.8914,0.987
2.124370676,0.0467,0.4197,0.8934,0.988
2.126750676,0.0482,0.4212,0.8939,0.989
2.128386197,0.0452,0.4202,0.8934,0.988
2.130564061,0.0418,0.4236,0.8963,0.992
2.131659686,0.0408,0.4251,0.8978,0.994
2.134333228,0.0379,0.4251,0.8958,0.992
2.136843176,0.0340,0.4222,0.8963,0.991
2.138395936,0.0369,0.4227,0.8948,0.990
2.140903124,0.0335,0.4212,0.8958,0.990
2.142944322,0.0345,0.4178,0.8973,0.990
2.144099061,0.0350,0.4163,0.8968,0.989
2.147558905,0.0364,0.4153,0.8953,0.988
2.14834828,0.0359,0.4119,0.8934,0.984
2.149906197,0.0359,0.4119,0.8939,0.985
2.151653749,0.0359,0.4114,0.8939,0.985
2.15369578,0.0350,0.4104,0.8914,0.982
2.15937078,0.0330,0.4095,0.8914,0.982
2.160963176,0.0340,0.4099,0.8904,0.981
2.161528593,0.0286,0.4090,0.8890,0.979
2.16192677,0.0306,0.4080,0.8895,0.979
2.164064582,0.0315,0.4080,0.8880,0.978
2.166813697,0.0301,0.4070,0.8885,0.978
2.168142499,0.0315,0.4070,0.8865,0.976
2.16977453,0.0311,0.4041,0.8875,0.976
2.171780468,0.0330,0.4055,0.8895,0.978
2.175111301,0.0335,0.4046,0.8900,0.978
2.177170415,0.0350,0.4036,0.8909,0.979
2.178871301,0.0369,0.4036,0.8919,0.980
2.180451093,0.0384,0.4065,0.8948,0.984
2.181727186,0.0379,0.4036,0.8953,0.983
2.184260415,0.0374,0.4041,0.8992,0.987
2.19438078,0.0379,0.4060,0.9022,0.990
2.195189322,0.0359,0.4085,0.9071,0.995
2.195625155,0.0369,0.4070,0.9110,0.998
2.19599703,0.0379,0.4070,0.9134,1.001
2.19637078,0.0394,0.4099,0.9164,1.005
2.197112343,0.0399,0.4114,0.9208,1.009
2.19840979,0.0408,0.4119,0.9212,1.010
2.20011328,0.0403,0.4114,0.9256,1.014
2.201665103,0.0418,0.4134,0.9286,1.017
2.204068593,0.0428,0.4134,0.9315,1.020
2.211476509,0.0447,0.4129,0.9340,1.022
2.212867447,0.0447,0.4134,0.9359,1.024
2.213624426,0.0462,0.4119,0.9369,1.024
2.214173384,0.0501,0.4080,0.9359,1.022
2.214667968,0.0487,0.4104,0.9344,1.022
2.216864686,0.0443,0.4134,0.9320,1.021
2.218554582,0.0384,0.4143,0.9300,1.019
2.220097811,0.0359,0.4192,0.9266,1.018
2.222930884,0.0364,0.4178,0.9237,1.014
2.225784947,0.0359,0.4173,0.9159,1.007
2.227144217,0.0345,0.4139,0.9144,1.004
2.228508801,0.0330,0.4124,0.9120,1.001
2.230170728,0.0320,0.4139,0.9080,0.998
2.231629165,0.0301,0.4139,0.9041,0.995
2.23433604,0.0286,0.4114,0.8997,0.990
2.236108749,0.0267,0.4114,0.8963,0.987
2.238429426,0.0257,0.4090,0.8929,0.982
2.242869061,0.0247,0.4095,0.8904,0.980
2.244135259,0.0242,0.4095,0.8875,0.978
2.244885832,0.0227,0.4095,0.8846,0.975
2.247670572,0.0232,0.4070,0.8826,0.972
2.249997811,0.0227,0.4085,0.8807,0.971
2.250670259,0.0237,0.4085,0.8787,0.969
2.25164354,0.0242,0.4080,0.8787,0.969
2.253823697,0.0242,0.4075,0.8753,0.966
2.259524738,0.0257,0.4095,0.8777,0.969
2.261443853,0.0252,0.4075,0.8792,0.969
2.26195453,0.0252,0.4080,0.8821,0.972
2.26238302,0.0276,0.4075,0.8812,0.971
2.264455259,0.0276,0.4095,0.8875,0.978
2.267359947,0.0286,0.4095,0.8914,0.981
2.267856301,0.0315,0.4080,0.8934,0.983
2.26959802,0.0306,0.4065,0.8978,0.986
2.271659217,0.0311,0.4085,0.9007,0.989
2.274258853,0.0306,0.4090,0.9041,0.993
2.276655624,0.0311,0.4075,0.9061,0.994
2.278428488,0.0276,0.4109,0.9090,0.998
2.280039842,0.0296,0.4099,0.9129,1.001
2.281536353,0.0286,0.4095,0.9154,1.003
2.284007967,0.0281,0.4090,0.9183,1.006
2.287126926,0.0286,0.4080,0.9242,1.011
2.287856457,0.0320,0.4080,0.9291,1.015
2.291089478,0.0330,0.4080,0.9335,1.019
2.292114217,0.0345,0.4080,0.9384,1.024
2.294073176,0.0374,0.4080,0.9398,1.025
2.297489686,0.0379,0.4085,0.9428,1.028
2.298234738,0.0374,0.4080,0.9457,1.031
2.299763384,0.0389,0.4085,0.9462,1.031
2.30156703,0.0379,0.4065,0.9467,1.031
2.304401301,0.0369,0.4090,0.9467,1.032
2.306879322,0.0389,0.4080,0.9491,1.034
2.308587603,0.0374,0.4085,0.9481,1.033
2.31010677,0.0374,0.4080,0.9462,1.031
2.31205854,0.0379,0.4080,0.9447,1.030
2.31375427,0.0350,0.4051,0.9413,1.025
2.317051353,0.0340,0.4065,0.9398,1.025
2.31823828,0.0330,0.4041,0.9359,1.020
2.319672082,0.0330,0.4051,0.9325,1.017
2.323838697,0.0306,0.4011,0.9261,1.010
2.324993176,0.0306,0.4011,0.9227,1.007
2.326767603,0.0281,0.4026,0.9188,1.004
2.328431353,0.0242,0.4016,0.9120,0.997
2.329765051,0.0247,0.4016,0.9080,0.993
2.33156552,0.0198,0.4002,0.9027,0.988
2.33419203,0.0179,0.4002,0.8958,0.981
2.337198124,0.0179,0.3997,0.8919,0.978
2.342379478,0.0159,0.3997,0.8900,0.976
2.343413436,0.0164,0.4002,0.8860,0.972
2.34388703,0.0169,0.4021,0.8841,0.971
2.344724322,0.0169,0.4021,0.8787,0.967
2.348632082,0.0188,0.4007,0.8768,0.964
2.349748853,0.0208,0.4041,0.8753,0.964
2.351993072,0.0223,0.4055,0.8753,0.965
2.352641249,0.0252,0.4051,0.8733,0.963
2.353678697,0.0301,0.4080,0.8748,0.966
2.357262342,0.0330,0.4090,0.8753,0.967
2.361301353,0.0359,0.4095,0.8763,0.968
2.362025936,0.0384,0.4129,0.8768,0.970
2.362415415,0.0389,0.4148,0.8768,0.971
2.364053749,0.0399,0.4148,0.8782,0.972
2.367986874,0.0418,0.4178,0.8807,0.976
2.370621301,0.0433,0.4197,0.8826,0.978
2.371124009,0.0447,0.4212,0.8856,0.982
2.371903384,0.0491,0.4217,0.8904,0.986
2.374563905,0.0506,0.4227,0.8948,0.991
2.377524061,0.0521,0.4236,0.8997,0.996
2.378445676,0.0579,0.4202,0.9046,0.999
2.380120103,0.0623,0.4178,0.9061,1.000
2.381693124,0.0628,0.4197,0.9105,1.005
2.384549686,0.0599,0.4236,0.9139,1.009
2.387120728,0.0584,0.4271,0.9183,1.014
2.387960936,0.0575,0.4251,0.9183,1.014
2.39097229,0.0555,0.4266,0.9183,1.014
2.391994165,0.0531,0.4271,0.9203,1.016
2.396008436,0.0511,0.4285,0.9232,1.019
2.397336613,0.0477,0.4266,0.9242,1.019
2.398060676,0.0462,0.4251,0.9256,1.020
2.399731561,0.0452,0.4236,0.9252,1.019
2.401663749,0.0452,0.4231,0.9247,1.018
2.404292811,0.0438,0.4202,0.9247,1.017
2.407349374,0.0423,0.4168,0.9252,1.016
2.408453905,0.0413,0.4153,0.9232,1.013
2.413340728,0.0413,0.4134,0.9208,1.010
2.414169113,0.0413,0.4099,0.9173,1.006
2.414680832,0.0413,0.4104,0.9164,1.005
2.417388749,0.0369,0.4085,0.9115,0.999
2.420306926,0.0350,0.4085,0.9071,0.995
2.420860884,0.0330,0.4099,0.9036,0.993
2.424367915,0.0301,0.4104,0.8973,0.987
2.42548604,0.0276,0.4085,0.8934,0.983
2.426971145,0.0257,0.4099,0.8895,0.980
2.428732395,0.0193,0.4134,0.8851,0.977
2.430041457,0.0203,0.4124,0.8821,0.974
2.431998645,0.0198,0.4099,0.8826,0.973
2.434536509,0.0213,0.4060,0.8787,0.968
2.441917967,0.0223,0.4055,0.8763,0.966
2.442867707,0.0223,0.4036,0.8748,0.964
2.443432967,0.0223,0.4016,0.8758,0.964
2.443905624,0.0227,0.4046,0.8748,0.964
2.444331457,0.0237,0.4007,0.8748,0.962
2.446884894,0.0218,0.4021,0.8733,0.962
2.448485624,0.0213,0.4002,0.8748,0.962
2.450206874,0.0218,0.4007,0.8782,0.966
2.451766144,0.0232,0.4031,0.8821,0.970
2.453862238,0.0247,0.4026,0.8841,0.972
2.465035259,0.0262,0.4055,0.8885,0.977
2.466223176,0.0286,0.4070,0.8948,0.983
2.466664478,0.0296,0.4055,0.8988,0.986
2.467944894,0.0306,0.4060,0.9027,0.990
2.471602915,0.0311,0.4080,0.9061,0.994
2.472434478,0.0320,0.4090,0.9080,0.996
2.472881249,0.0330,0.4070,0.9149,1.002
2.473212551,0.0355,0.4090,0.9193,1.007
2.473545676,0.0369,0.4090,0.9261,1.013
2.473841457,0.0399,0.4095,0.9320,1.019
2.477343697,0.0418,0.4104,0.9369,1.024
2.479069947,0.0447,0.4114,0.9437,1.030
2.48011703,0.0477,0.4119,0.9467,1.033
2.482309061,0.0506,0.4134,0.9491,1.036
2.485417915,0.0535,0.4114,0.9511,1.038
2.486153801,0.0555,0.4114,0.9540,1.040
2.48995078,0.0550,0.4124,0.9520,1.039
2.490525363,0.0531,0.4153,0.9540,1.042
2.492312967,0.0511,0.4168,0.9540,1.042
2.495935624,0.0487,0.4192,0.9516,1.041
2.498168332,0.0482,0.4173,0.9501,1.039
2.499059009,0.0447,0.4173,0.9467,1.036
2.501414842,0.0418,0.4178,0.9423,1.032
2.501936144,0.0408,0.4168,0.9393,1.028
2.504628019,0.0384,0.4143,0.9354,1.024
2.506823384,0.0394,0.4129,0.9286,1.017
2.508494322,0.0369,0.4099,0.9203,1.008
2.510629999,0.0374,0.4090,0.9168,1.005
2.511647447,0.0364,0.4065,0.9110,0.998
2.513906301,0.0335,0.4065,0.9061,0.994
2.518955051,0.0325,0.4041,0.8988,0.986
2.519489478,0.0286,0.4046,0.8963,0.984
2.520024374,0.0276,0.4046,0.8909,0.979
2.522171926,0.0242,0.4055,0.8846,0.973
2.524295051,0.0232,0.4041,0.8807,0.969
2.527039061,0.0227,0.4016,0.8748,0.963
2.528732134,0.0227,0.4041,0.8714,0.961
2.530628488,0.0208,0.4041,0.8689,0.959
2.532388332,0.0198,0.4016,0.8684,0.957
2.534599478,0.0227,0.4031,0.8670,0.956
2.53853729,0.0257,0.4016,0.8684,0.957
2.539110207,0.0281,0.4016,0.8714,0.960
2.541394113,0.0296,0.4031,0.8709,0.960
2.542212967,0.0306,0.4036,0.8728,0.962
2.545252394,0.0311,0.4060,0.8738,0.964
2.546915728,0.0311,0.4060,0.8753,0.965
2.548445519,0.0335,0.4090,0.8768,0.968
2.549950988,0.0345,0.4099,0.8802,0.972
2.551718592,0.0359,0.4124,0.8856,0.978
2.554782342,0.0408,0.4143,0.8900,0.983
2.558044374,0.0438,0.4143,0.8934,0.986
2.558943072,0.0472,0.4153,0.8968,0.989
2.560602967,0.0487,0.4158,0.9017,0.994
2.562212394,0.0487,0.4178,0.9061,0.999
2.564263905,0.0516,0.4173,0.9100,1.002
2.568625624,0.0501,0.4183,0.9173,1.009
2.569346874,0.0511,0.4178,0.9217,1.013
2.570833801,0.0496,0.4187,0.9256,1.017
2.572295051,0.0467,0.4119,0.8640,0.958
2.576632655,0.0565,0.3552,0.2456,0.436
2.577733749,0.2095,0.4041,-0.5498,0.714
2.578602186,0.2862,0.4999,-0.0800,0.582
2.580049165,0.2075,0.5033,0.9090,1.060
2.582411405,0.1249,0.4803,1.2747,1.368
2.584143957,0.0623,0.4657,1.1921,1.281
2.588230624,0.0262,0.4696,1.0171,1.121
2.588810103,0.0120,0.4794,0.9012,1.021
2.593429842,0.0105,0.4755,0.8401,0.965
2.596292863,0.0071,0.4632,0.8044,0.928
2.596812863,-0.0022,0.4354,0.8098,0.919
2.598296613,-0.0085,0.4085,0.8826,0.973
2.598901509,-0.0183,0.3845,1.0146,1.085
2.601254217,-0.0222,0.3708,1.1564,1.215
2.601879634,-0.0159,0.3625,1.2600,1.311
2.604615259,-0.0071,0.3640,1.3255,1.375
2.607283072,0.0022,0.3630,1.3549,1.403
2.608247134,0.0037,0.3640,1.3676,1.415
2.610094217,0.0003,0.3684,1.3588,1.408
2.612298228,-0.0071,0.3708,1.3343,1.385
2.614289374,-0.0041,0.3743,1.2874,1.341
2.618453592,0.0506,0.3713,1.2077,1.265
2.619059322,0.0257,0.3723,1.1696,1.228
2.620047655,0.0022,0.3762,1.1505,1.210
2.623148436,-0.0076,0.3826,1.1461,1.208
2.624553801,-0.0149,0.3855,1.1080,1.173
2.627290207,-0.0134,0.3889,1.0855,1.153
2.62898203,-0.0125,0.3894,1.0508,1.121
2.630619165,-0.0090,0.3880,1.0288,1.100
2.631763853,-0.0085,0.3845,0.9965,1.068
2.633820832,-0.0095,0.3767,0.9599,1.031
2.638263488,-0.0125,0.3655,0.9217,0.992
2.638887238,-0.0125,0.3542,0.8900,0.958
2.64112828,-0.0090,0.3449,0.8626,0.929
2.641942707,-0.0066,0.3376,0.8435,0.909
2.646467342,0.0007,0.3327,0.8298,0.894
2.647067238,0.0042,0.3293,0.8147,0.879
2.648788749,0.0076,0.3308,0.8015,0.867
2.650238019,0.0095,0.3337,0.7932,0.861
2.652629999,0.0095,0.3400,0.7902,0.860
2.653632759,0.0076,0.3444,0.7863,0.858
2.658306717,0.0056,0.3523,0.7883,0.863
2.658983957,0.0027,0.3606,0.7917,0.870
